{
  "canisters": {
    "assets": {
      "dependencies": [
      ],
      "frontend": {
        "entrypoint": "dist/index.html"
      },
      "source": [
        "dist/"
      ],
      "type": "assets"
    }
  },
  "defaults": {
    "build": {
      "packtool": ""
    }
  },
  "networks": {
    "local": {
      "bind": "127.0.0.1:4943",
      "type": "ephemeral"
    },
    "ic": {
      "providers": [
        "https://mainnet.dfinity.network"
      ],
      "type": "persistent"
    }
  },
  "version": 1
}
